burstiness,dataset-name,dataset-path,end_time_exc,id,num-prompts,request_rate,start_time_exc,start_time,end_time,run_completed,execution_time_seconds,path_run,peak_power[W],mean_power[W]
100000,hf,likaixin/InstructCoder,2026-01-05 05:34:32.714319,000001,300,1,2026-01-05 05:31:32.714319,2026-01-05 05:31:32.714319,2026-01-05 05:34:32.714319,True,179.954,/projects/aiuserapps/genai_power_dataset/01_aggregated_datasets/inference_online_rate_llama3_70b/results/000000.parquet,2097.8313451129843,2069.5489848585958
100000,hf,likaixin/InstructCoder,2026-01-05 05:39:52.753836,000002,600,2,2026-01-05 05:36:52.753836,2026-01-05 05:36:52.753836,2026-01-05 05:39:52.753836,True,179.846,/projects/aiuserapps/genai_power_dataset/01_aggregated_datasets/inference_online_rate_llama3_70b/results/000001.parquet,2118.5235411018093,2085.32547799614
100000,hf,likaixin/InstructCoder,2026-01-05 05:45:12.801867,000003,900,3,2026-01-05 05:42:12.801867,2026-01-05 05:42:12.801867,2026-01-05 05:45:12.801867,True,179.943,/projects/aiuserapps/genai_power_dataset/01_aggregated_datasets/inference_online_rate_llama3_70b/results/000002.parquet,2140.690436477556,2088.905829384336
100000,hf,likaixin/InstructCoder,2026-01-05 05:50:32.851132,000004,1200,4,2026-01-05 05:47:32.851132,2026-01-05 05:47:32.851132,2026-01-05 05:50:32.851132,True,179.858,/projects/aiuserapps/genai_power_dataset/01_aggregated_datasets/inference_online_rate_llama3_70b/results/000003.parquet,2163.1576881088445,2090.571123836625
100000,hf,likaixin/InstructCoder,2026-01-05 05:55:52.901622,000005,1500,5,2026-01-05 05:52:52.901622,2026-01-05 05:52:52.901622,2026-01-05 05:55:52.901622,True,179.988,/projects/aiuserapps/genai_power_dataset/01_aggregated_datasets/inference_online_rate_llama3_70b/results/000004.parquet,2133.0236601790784,2091.841938762442
100000,hf,likaixin/InstructCoder,2026-01-05 06:01:12.953594,000006,1800,6,2026-01-05 05:58:12.953594,2026-01-05 05:58:12.953594,2026-01-05 06:01:12.953594,True,179.842,/projects/aiuserapps/genai_power_dataset/01_aggregated_datasets/inference_online_rate_llama3_70b/results/000005.parquet,2160.3717497447146,2106.71909593539
100000,hf,likaixin/InstructCoder,2026-01-05 06:06:33.000522,000007,2100,7,2026-01-05 06:03:33.000522,2026-01-05 06:03:33.000522,2026-01-05 06:06:33.000522,True,179.925,/projects/aiuserapps/genai_power_dataset/01_aggregated_datasets/inference_online_rate_llama3_70b/results/000006.parquet,2273.1681280072994,2212.594247222477
100000,hf,likaixin/InstructCoder,2026-01-05 06:11:53.047889,000008,2400,8,2026-01-05 06:08:53.047889,2026-01-05 06:08:53.047889,2026-01-05 06:11:53.047889,True,179.924,/projects/aiuserapps/genai_power_dataset/01_aggregated_datasets/inference_online_rate_llama3_70b/results/000007.parquet,2286.0676588602514,2215.768588274716
100000,hf,likaixin/InstructCoder,2026-01-05 06:17:13.104242,000009,2700,9,2026-01-05 06:14:13.104242,2026-01-05 06:14:13.104242,2026-01-05 06:17:13.104242,True,179.925,/projects/aiuserapps/genai_power_dataset/01_aggregated_datasets/inference_online_rate_llama3_70b/results/000008.parquet,2301.560204433025,2227.6047997408655
100000,hf,likaixin/InstructCoder,2026-01-05 06:22:33.155178,000010,3000,10,2026-01-05 06:19:33.155178,2026-01-05 06:19:33.155178,2026-01-05 06:22:33.155178,True,179.885,/projects/aiuserapps/genai_power_dataset/01_aggregated_datasets/inference_online_rate_llama3_70b/results/000009.parquet,2337.3885215666082,2256.796927428762
100000,hf,likaixin/InstructCoder,2026-01-05 06:27:53.209331,000011,3300,11,2026-01-05 06:24:53.209331,2026-01-05 06:24:53.209331,2026-01-05 06:27:53.209331,True,179.879,/projects/aiuserapps/genai_power_dataset/01_aggregated_datasets/inference_online_rate_llama3_70b/results/000010.parquet,2469.193434525118,2280.4642679893313
100000,hf,likaixin/InstructCoder,2026-01-05 06:33:13.261038,000012,3600,12,2026-01-05 06:30:13.261038,2026-01-05 06:30:13.261038,2026-01-05 06:33:13.261038,True,179.871,/projects/aiuserapps/genai_power_dataset/01_aggregated_datasets/inference_online_rate_llama3_70b/results/000011.parquet,2413.18245982391,2314.276070033014
100000,hf,likaixin/InstructCoder,2026-01-05 06:38:33.331107,000013,3900,13,2026-01-05 06:35:33.331107,2026-01-05 06:35:33.331107,2026-01-05 06:38:33.331107,True,179.946,/projects/aiuserapps/genai_power_dataset/01_aggregated_datasets/inference_online_rate_llama3_70b/results/000012.parquet,2654.742638512669,2320.5162477306717
100000,hf,likaixin/InstructCoder,2026-01-05 06:43:53.422767,000014,4200,14,2026-01-05 06:40:53.422767,2026-01-05 06:40:53.422767,2026-01-05 06:43:53.422767,True,179.89,/projects/aiuserapps/genai_power_dataset/01_aggregated_datasets/inference_online_rate_llama3_70b/results/000013.parquet,2443.1520792727183,2367.2485327562217
100000,hf,likaixin/InstructCoder,2026-01-05 06:49:13.486693,000015,4500,15,2026-01-05 06:46:13.486693,2026-01-05 06:46:13.486693,2026-01-05 06:49:13.486693,True,179.883,/projects/aiuserapps/genai_power_dataset/01_aggregated_datasets/inference_online_rate_llama3_70b/results/000014.parquet,2487.4959548233705,2403.0804581537477
100000,hf,likaixin/InstructCoder,2026-01-05 06:54:33.540529,000016,4800,16,2026-01-05 06:51:33.540529,2026-01-05 06:51:33.540529,2026-01-05 06:54:33.540529,True,179.883,/projects/aiuserapps/genai_power_dataset/01_aggregated_datasets/inference_online_rate_llama3_70b/results/000015.parquet,2497.897737190247,2436.697858973924
100000,hf,likaixin/InstructCoder,2026-01-05 06:59:53.602904,000017,5100,17,2026-01-05 06:56:53.602904,2026-01-05 06:56:53.602904,2026-01-05 06:59:53.602904,True,179.934,/projects/aiuserapps/genai_power_dataset/01_aggregated_datasets/inference_online_rate_llama3_70b/results/000016.parquet,2557.165866095278,2473.372480004867
100000,hf,likaixin/InstructCoder,2026-01-05 07:05:13.669032,000018,5400,18,2026-01-05 07:02:13.669032,2026-01-05 07:02:13.669032,2026-01-05 07:05:13.669032,True,179.919,/projects/aiuserapps/genai_power_dataset/01_aggregated_datasets/inference_online_rate_llama3_70b/results/000017.parquet,2581.1225224354603,2506.503254393894
100000,hf,likaixin/InstructCoder,2026-01-05 07:10:33.727194,000019,5700,19,2026-01-05 07:07:33.727194,2026-01-05 07:07:33.727194,2026-01-05 07:10:33.727194,True,179.879,/projects/aiuserapps/genai_power_dataset/01_aggregated_datasets/inference_online_rate_llama3_70b/results/000018.parquet,2626.3960460262624,2547.1366811642224
100000,hf,likaixin/InstructCoder,2026-01-05 07:15:53.784913,000020,6000,20,2026-01-05 07:12:53.784913,2026-01-05 07:12:53.784913,2026-01-05 07:15:53.784913,True,179.871,/projects/aiuserapps/genai_power_dataset/01_aggregated_datasets/inference_online_rate_llama3_70b/results/000019.parquet,2646.9412523744127,2575.0400325667956
100000,hf,likaixin/InstructCoder,2026-01-05 07:21:13.838398,000021,6300,21,2026-01-05 07:18:13.838398,2026-01-05 07:18:13.838398,2026-01-05 07:21:13.838398,True,179.953,/projects/aiuserapps/genai_power_dataset/01_aggregated_datasets/inference_online_rate_llama3_70b/results/000020.parquet,2662.9687301391446,2599.0554685726834
100000,hf,likaixin/InstructCoder,2026-01-05 07:26:33.903004,000022,6600,22,2026-01-05 07:23:33.903004,2026-01-05 07:23:33.903004,2026-01-05 07:26:33.903004,True,179.866,/projects/aiuserapps/genai_power_dataset/01_aggregated_datasets/inference_online_rate_llama3_70b/results/000021.parquet,2694.937572942341,2632.2323972042245
100000,hf,likaixin/InstructCoder,2026-01-05 07:31:53.975875,000023,6900,23,2026-01-05 07:28:53.975875,2026-01-05 07:28:53.975875,2026-01-05 07:31:53.975875,True,179.904,/projects/aiuserapps/genai_power_dataset/01_aggregated_datasets/inference_online_rate_llama3_70b/results/000022.parquet,2749.223655119959,2662.684984437354
100000,hf,likaixin/InstructCoder,2026-01-05 07:37:14.035432,000024,7200,24,2026-01-05 07:34:14.035432,2026-01-05 07:34:14.035432,2026-01-05 07:37:14.035432,True,179.905,/projects/aiuserapps/genai_power_dataset/01_aggregated_datasets/inference_online_rate_llama3_70b/results/000023.parquet,2853.3733161240098,2673.2976717346696
100000,hf,likaixin/InstructCoder,2026-01-05 07:42:34.181694,000025,7500,25,2026-01-05 07:39:34.181694,2026-01-05 07:39:34.181694,2026-01-05 07:42:34.181694,True,179.892,/projects/aiuserapps/genai_power_dataset/01_aggregated_datasets/inference_online_rate_llama3_70b/results/000024.parquet,2918.4176168219883,2693.9584906264267
100000,hf,likaixin/InstructCoder,2026-01-05 07:47:54.250440,000026,7800,26,2026-01-05 07:44:54.250440,2026-01-05 07:44:54.250440,2026-01-05 07:47:54.250440,True,179.901,/projects/aiuserapps/genai_power_dataset/01_aggregated_datasets/inference_online_rate_llama3_70b/results/000025.parquet,2823.087799397119,2747.332520194958
100000,hf,likaixin/InstructCoder,2026-01-05 07:53:14.313876,000027,8100,27,2026-01-05 07:50:14.313876,2026-01-05 07:50:14.313876,2026-01-05 07:53:14.313876,True,179.9,/projects/aiuserapps/genai_power_dataset/01_aggregated_datasets/inference_online_rate_llama3_70b/results/000026.parquet,2847.4892397016297,2769.862707821216
100000,hf,likaixin/InstructCoder,2026-01-05 07:58:34.374641,000028,8400,28,2026-01-05 07:55:34.374641,2026-01-05 07:55:34.374641,2026-01-05 07:58:34.374641,True,179.863,/projects/aiuserapps/genai_power_dataset/01_aggregated_datasets/inference_online_rate_llama3_70b/results/000027.parquet,2857.94069688617,2793.545049808404
100000,hf,likaixin/InstructCoder,2026-01-05 08:03:54.435888,000029,8700,29,2026-01-05 08:00:54.435888,2026-01-05 08:00:54.435888,2026-01-05 08:03:54.435888,True,179.964,/projects/aiuserapps/genai_power_dataset/01_aggregated_datasets/inference_online_rate_llama3_70b/results/000028.parquet,2892.0450039915654,2828.6620000373464
100000,hf,likaixin/InstructCoder,2026-01-05 08:09:14.498467,000030,9000,30,2026-01-05 08:06:14.498467,2026-01-05 08:06:14.498467,2026-01-05 08:09:14.498467,True,179.864,/projects/aiuserapps/genai_power_dataset/01_aggregated_datasets/inference_online_rate_llama3_70b/results/000029.parquet,2905.9079087158057,2852.24232036989
100000,hf,likaixin/InstructCoder,2026-01-05 08:14:34.569052,000031,9300,31,2026-01-05 08:11:34.569052,2026-01-05 08:11:34.569052,2026-01-05 08:14:34.569052,True,179.867,/projects/aiuserapps/genai_power_dataset/01_aggregated_datasets/inference_online_rate_llama3_70b/results/000030.parquet,2916.853014791907,2867.748370267782
100000,hf,likaixin/InstructCoder,2026-01-05 08:19:54.629160,000032,9600,32,2026-01-05 08:16:54.629160,2026-01-05 08:16:54.629160,2026-01-05 08:19:54.629160,True,179.903,/projects/aiuserapps/genai_power_dataset/01_aggregated_datasets/inference_online_rate_llama3_70b/results/000031.parquet,2922.2634556852627,2882.4852571977053
100000,hf,likaixin/InstructCoder,2026-01-05 08:25:14.695932,000033,9900,33,2026-01-05 08:22:14.695932,2026-01-05 08:22:14.695932,2026-01-05 08:25:14.695932,True,179.89,/projects/aiuserapps/genai_power_dataset/01_aggregated_datasets/inference_online_rate_llama3_70b/results/000032.parquet,2924.411710036602,2886.5620979050705
100000,hf,likaixin/InstructCoder,2026-01-05 08:30:34.757460,000034,10200,34,2026-01-05 08:27:34.757460,2026-01-05 08:27:34.757460,2026-01-05 08:30:34.757460,True,179.899,/projects/aiuserapps/genai_power_dataset/01_aggregated_datasets/inference_online_rate_llama3_70b/results/000033.parquet,2919.9278003466043,2888.5739898382158
100000,hf,likaixin/InstructCoder,2026-01-05 08:35:54.822006,000035,10500,35,2026-01-05 08:32:54.822006,2026-01-05 08:32:54.822006,2026-01-05 08:35:54.822006,True,179.89,/projects/aiuserapps/genai_power_dataset/01_aggregated_datasets/inference_online_rate_llama3_70b/results/000034.parquet,2925.7229751550376,2885.0671277362335
100000,hf,likaixin/InstructCoder,2026-01-05 08:41:14.882956,000036,10800,36,2026-01-05 08:38:14.882956,2026-01-05 08:38:14.882956,2026-01-05 08:41:14.882956,True,179.907,/projects/aiuserapps/genai_power_dataset/01_aggregated_datasets/inference_online_rate_llama3_70b/results/000035.parquet,2911.6510565303333,2840.6138495313744
100000,hf,likaixin/InstructCoder,2026-01-05 08:46:34.963897,000037,11100,37,2026-01-05 08:43:34.963897,2026-01-05 08:43:34.963897,2026-01-05 08:46:34.963897,True,179.852,/projects/aiuserapps/genai_power_dataset/01_aggregated_datasets/inference_online_rate_llama3_70b/results/000036.parquet,3025.6842300120593,2785.9122590077836
100000,hf,likaixin/InstructCoder,2026-01-05 08:51:55.030080,000038,11400,38,2026-01-05 08:48:55.030080,2026-01-05 08:48:55.030080,2026-01-05 08:51:55.030080,True,179.853,/projects/aiuserapps/genai_power_dataset/01_aggregated_datasets/inference_online_rate_llama3_70b/results/000037.parquet,2882.5423268745944,2817.3817013460402
100000,hf,likaixin/InstructCoder,2026-01-05 08:57:15.098225,000039,11700,39,2026-01-05 08:54:15.098225,2026-01-05 08:54:15.098225,2026-01-05 08:57:15.098225,True,179.868,/projects/aiuserapps/genai_power_dataset/01_aggregated_datasets/inference_online_rate_llama3_70b/results/000038.parquet,2877.900874131868,2831.6635799171577
100000,hf,likaixin/InstructCoder,2026-01-05 09:02:35.179103,000040,12000,40,2026-01-05 08:59:35.179103,2026-01-05 08:59:35.179103,2026-01-05 09:02:35.179103,True,179.872,/projects/aiuserapps/genai_power_dataset/01_aggregated_datasets/inference_online_rate_llama3_70b/results/000039.parquet,2893.128745328594,2839.5559702662717
100000,hf,likaixin/InstructCoder,2026-01-05 09:07:55.253484,000041,12300,41,2026-01-05 09:04:55.253484,2026-01-05 09:04:55.253484,2026-01-05 09:07:55.253484,True,179.897,/projects/aiuserapps/genai_power_dataset/01_aggregated_datasets/inference_online_rate_llama3_70b/results/000040.parquet,2967.984049358955,2826.790624486726
100000,hf,likaixin/InstructCoder,2026-01-05 09:13:15.322618,000042,12600,42,2026-01-05 09:10:15.322618,2026-01-05 09:10:15.322618,2026-01-05 09:13:15.322618,True,179.899,/projects/aiuserapps/genai_power_dataset/01_aggregated_datasets/inference_online_rate_llama3_70b/results/000041.parquet,2965.2506888515095,2841.634576030864
100000,hf,likaixin/InstructCoder,2026-01-05 09:18:35.391841,000043,12900,43,2026-01-05 09:15:35.391841,2026-01-05 09:15:35.391841,2026-01-05 09:18:35.391841,True,179.888,/projects/aiuserapps/genai_power_dataset/01_aggregated_datasets/inference_online_rate_llama3_70b/results/000042.parquet,2937.4511994743234,2854.7758449551557
100000,hf,likaixin/InstructCoder,2026-01-05 09:23:55.459935,000044,13200,44,2026-01-05 09:20:55.459935,2026-01-05 09:20:55.459935,2026-01-05 09:23:55.459935,True,179.889,/projects/aiuserapps/genai_power_dataset/01_aggregated_datasets/inference_online_rate_llama3_70b/results/000043.parquet,2950.4571614117294,2858.180994910175
100000,hf,likaixin/InstructCoder,2026-01-05 09:29:15.532988,000045,13500,45,2026-01-05 09:26:15.532988,2026-01-05 09:26:15.532988,2026-01-05 09:29:15.532988,True,179.891,/projects/aiuserapps/genai_power_dataset/01_aggregated_datasets/inference_online_rate_llama3_70b/results/000044.parquet,2957.914872884958,2863.9880170510282
100000,hf,likaixin/InstructCoder,2026-01-05 09:34:35.602089,000046,13800,46,2026-01-05 09:31:35.602089,2026-01-05 09:31:35.602089,2026-01-05 09:34:35.602089,True,179.858,/projects/aiuserapps/genai_power_dataset/01_aggregated_datasets/inference_online_rate_llama3_70b/results/000045.parquet,2937.9965205255367,2859.1896311171736
100000,hf,likaixin/InstructCoder,2026-01-05 09:39:55.677655,000047,14100,47,2026-01-05 09:36:55.677655,2026-01-05 09:36:55.677655,2026-01-05 09:39:55.677655,True,179.854,/projects/aiuserapps/genai_power_dataset/01_aggregated_datasets/inference_online_rate_llama3_70b/results/000046.parquet,2956.186714530695,2860.259846785958
100000,hf,likaixin/InstructCoder,2026-01-05 09:45:15.761615,000048,14400,48,2026-01-05 09:42:15.761615,2026-01-05 09:42:15.761615,2026-01-05 09:45:15.761615,True,179.955,/projects/aiuserapps/genai_power_dataset/01_aggregated_datasets/inference_online_rate_llama3_70b/results/000047.parquet,2940.768159665609,2859.935735611851
100000,hf,likaixin/InstructCoder,2026-01-05 09:50:35.841696,000049,14700,49,2026-01-05 09:47:35.841696,2026-01-05 09:47:35.841696,2026-01-05 09:50:35.841696,True,179.858,/projects/aiuserapps/genai_power_dataset/01_aggregated_datasets/inference_online_rate_llama3_70b/results/000048.parquet,2947.555251108965,2848.8466151413395
100000,hf,likaixin/InstructCoder,2026-01-05 09:55:55.924360,000050,15000,50,2026-01-05 09:52:55.924360,2026-01-05 09:52:55.924360,2026-01-05 09:55:55.924360,True,179.893,/projects/aiuserapps/genai_power_dataset/01_aggregated_datasets/inference_online_rate_llama3_70b/results/000049.parquet,2958.601786676057,2862.278419475295
100000,hf,likaixin/InstructCoder,2026-01-05 10:01:16.001434,000051,15300,51,2026-01-05 09:58:16.001434,2026-01-05 09:58:16.001434,2026-01-05 10:01:16.001434,True,179.892,/projects/aiuserapps/genai_power_dataset/01_aggregated_datasets/inference_online_rate_llama3_70b/results/000050.parquet,2952.047625675871,2845.1114729962856
100000,hf,likaixin/InstructCoder,2026-01-05 10:06:36.084797,000052,15600,52,2026-01-05 10:03:36.084797,2026-01-05 10:03:36.084797,2026-01-05 10:06:36.084797,True,179.889,/projects/aiuserapps/genai_power_dataset/01_aggregated_datasets/inference_online_rate_llama3_70b/results/000051.parquet,2936.2502108113586,2827.313769588473
100000,hf,likaixin/InstructCoder,2026-01-05 10:11:56.165466,000053,15900,53,2026-01-05 10:08:56.165466,2026-01-05 10:08:56.165466,2026-01-05 10:11:56.165466,True,179.893,/projects/aiuserapps/genai_power_dataset/01_aggregated_datasets/inference_online_rate_llama3_70b/results/000052.parquet,2936.4242156025884,2840.983829524358
100000,hf,likaixin/InstructCoder,2026-01-05 10:17:16.260807,000054,16200,54,2026-01-05 10:14:16.260807,2026-01-05 10:14:16.260807,2026-01-05 10:17:16.260807,True,179.851,/projects/aiuserapps/genai_power_dataset/01_aggregated_datasets/inference_online_rate_llama3_70b/results/000053.parquet,2926.698505149427,2836.301179592563
100000,hf,likaixin/InstructCoder,2026-01-05 10:22:36.350119,000055,16500,55,2026-01-05 10:19:36.350119,2026-01-05 10:19:36.350119,2026-01-05 10:22:36.350119,True,179.961,/projects/aiuserapps/genai_power_dataset/01_aggregated_datasets/inference_online_rate_llama3_70b/results/000054.parquet,2934.1474792916442,2839.92933642983
100000,hf,likaixin/InstructCoder,2026-01-05 10:27:56.441323,000056,16800,56,2026-01-05 10:24:56.441323,2026-01-05 10:24:56.441323,2026-01-05 10:27:56.441323,True,179.952,/projects/aiuserapps/genai_power_dataset/01_aggregated_datasets/inference_online_rate_llama3_70b/results/000055.parquet,2952.277072977585,2839.0306095255546
100000,hf,likaixin/InstructCoder,2026-01-05 10:33:16.526001,000057,17100,57,2026-01-05 10:30:16.526001,2026-01-05 10:30:16.526001,2026-01-05 10:33:16.526001,True,179.876,/projects/aiuserapps/genai_power_dataset/01_aggregated_datasets/inference_online_rate_llama3_70b/results/000056.parquet,2968.8891069503024,2838.7187452252683
100000,hf,likaixin/InstructCoder,2026-01-05 10:38:36.614899,000058,17400,58,2026-01-05 10:35:36.614899,2026-01-05 10:35:36.614899,2026-01-05 10:38:36.614899,True,179.965,/projects/aiuserapps/genai_power_dataset/01_aggregated_datasets/inference_online_rate_llama3_70b/results/000057.parquet,2946.506773643622,2840.268482128086
100000,hf,likaixin/InstructCoder,2026-01-05 10:43:56.715472,000059,17700,59,2026-01-05 10:40:56.715472,2026-01-05 10:40:56.715472,2026-01-05 10:43:56.715472,True,179.908,/projects/aiuserapps/genai_power_dataset/01_aggregated_datasets/inference_online_rate_llama3_70b/results/000058.parquet,2990.2370183142334,2834.114660193943
100000,hf,likaixin/InstructCoder,2026-01-05 10:49:16.807246,000060,18000,60,2026-01-05 10:46:16.807246,2026-01-05 10:46:16.807246,2026-01-05 10:49:16.807246,True,179.817,/projects/aiuserapps/genai_power_dataset/01_aggregated_datasets/inference_online_rate_llama3_70b/results/000059.parquet,2976.6502801549723,2834.641135710948
100000,hf,likaixin/InstructCoder,2026-01-05 10:54:36.897010,000061,18300,61,2026-01-05 10:51:36.897010,2026-01-05 10:51:36.897010,2026-01-05 10:54:36.897010,True,179.924,/projects/aiuserapps/genai_power_dataset/01_aggregated_datasets/inference_online_rate_llama3_70b/results/000060.parquet,3016.0726112971665,2833.756220864681
100000,hf,likaixin/InstructCoder,2026-01-05 10:59:56.990275,000062,18600,62,2026-01-05 10:56:56.990275,2026-01-05 10:56:56.990275,2026-01-05 10:59:56.990275,True,179.932,/projects/aiuserapps/genai_power_dataset/01_aggregated_datasets/inference_online_rate_llama3_70b/results/000061.parquet,3000.2246858377316,2835.581831956349
100000,hf,likaixin/InstructCoder,2026-01-05 11:05:17.089560,000063,18900,63,2026-01-05 11:02:17.089560,2026-01-05 11:02:17.089560,2026-01-05 11:05:17.089560,True,179.891,/projects/aiuserapps/genai_power_dataset/01_aggregated_datasets/inference_online_rate_llama3_70b/results/000062.parquet,2983.4547013024876,2827.0064622505856
100000,hf,likaixin/InstructCoder,2026-01-05 11:10:37.197544,000064,19200,64,2026-01-05 11:07:37.197544,2026-01-05 11:07:37.197544,2026-01-05 11:10:37.197544,True,179.863,/projects/aiuserapps/genai_power_dataset/01_aggregated_datasets/inference_online_rate_llama3_70b/results/000063.parquet,2986.7550186819894,2829.835113373625
100000,hf,likaixin/InstructCoder,2026-01-05 11:15:57.309589,000065,19500,65,2026-01-05 11:12:57.309589,2026-01-05 11:12:57.309589,2026-01-05 11:15:57.309589,True,179.962,/projects/aiuserapps/genai_power_dataset/01_aggregated_datasets/inference_online_rate_llama3_70b/results/000064.parquet,3002.869216262626,2829.942805150164
100000,hf,likaixin/InstructCoder,2026-01-05 11:21:17.417763,000066,19800,66,2026-01-05 11:18:17.417763,2026-01-05 11:18:17.417763,2026-01-05 11:21:17.417763,True,179.966,/projects/aiuserapps/genai_power_dataset/01_aggregated_datasets/inference_online_rate_llama3_70b/results/000065.parquet,2994.537064849161,2825.686150799253
100000,hf,likaixin/InstructCoder,2026-01-05 11:26:37.522605,000067,20100,67,2026-01-05 11:23:37.522605,2026-01-05 11:23:37.522605,2026-01-05 11:26:37.522605,True,179.87,/projects/aiuserapps/genai_power_dataset/01_aggregated_datasets/inference_online_rate_llama3_70b/results/000066.parquet,2999.68917209923,2838.503087768883
100000,hf,likaixin/InstructCoder,2026-01-05 11:31:57.630097,000068,20400,68,2026-01-05 11:28:57.630097,2026-01-05 11:28:57.630097,2026-01-05 11:31:57.630097,True,179.909,/projects/aiuserapps/genai_power_dataset/01_aggregated_datasets/inference_online_rate_llama3_70b/results/000067.parquet,2975.9484973482718,2827.128264215535
100000,hf,likaixin/InstructCoder,2026-01-05 11:37:17.744460,000069,20700,69,2026-01-05 11:34:17.744460,2026-01-05 11:34:17.744460,2026-01-05 11:37:17.744460,True,179.807,/projects/aiuserapps/genai_power_dataset/01_aggregated_datasets/inference_online_rate_llama3_70b/results/000068.parquet,2989.877055085285,2833.3676486562476
100000,hf,likaixin/InstructCoder,2026-01-05 11:42:37.850613,000070,21000,70,2026-01-05 11:39:37.850613,2026-01-05 11:39:37.850613,2026-01-05 11:42:37.850613,True,179.903,/projects/aiuserapps/genai_power_dataset/01_aggregated_datasets/inference_online_rate_llama3_70b/results/000069.parquet,2971.9191468332697,2832.102699725467
100000,hf,likaixin/InstructCoder,2026-01-05 11:47:57.962251,000071,21300,71,2026-01-05 11:44:57.962251,2026-01-05 11:44:57.962251,2026-01-05 11:47:57.962251,True,179.909,/projects/aiuserapps/genai_power_dataset/01_aggregated_datasets/inference_online_rate_llama3_70b/results/000070.parquet,3002.9063207382023,2830.872601862507
100000,hf,likaixin/InstructCoder,2026-01-05 11:53:18.165839,000072,21600,72,2026-01-05 11:50:18.165839,2026-01-05 11:50:18.165839,2026-01-05 11:53:18.165839,True,179.983,/projects/aiuserapps/genai_power_dataset/01_aggregated_datasets/inference_online_rate_llama3_70b/results/000071.parquet,2998.7701313199636,2831.228996367238
100000,hf,likaixin/InstructCoder,2026-01-05 11:58:38.330425,000073,21900,73,2026-01-05 11:55:38.330425,2026-01-05 11:55:38.330425,2026-01-05 11:58:38.330425,True,179.966,/projects/aiuserapps/genai_power_dataset/01_aggregated_datasets/inference_online_rate_llama3_70b/results/000072.parquet,2993.4541958526074,2831.4579139185453
100000,hf,likaixin/InstructCoder,2026-01-05 12:03:58.447043,000074,22200,74,2026-01-05 12:00:58.447043,2026-01-05 12:00:58.447043,2026-01-05 12:03:58.447043,True,179.953,/projects/aiuserapps/genai_power_dataset/01_aggregated_datasets/inference_online_rate_llama3_70b/results/000073.parquet,2998.3284799751355,2819.1018280788844
100000,hf,likaixin/InstructCoder,2026-01-05 12:09:18.569874,000075,22500,75,2026-01-05 12:06:18.569874,2026-01-05 12:06:18.569874,2026-01-05 12:09:18.569874,True,179.959,/projects/aiuserapps/genai_power_dataset/01_aggregated_datasets/inference_online_rate_llama3_70b/results/000074.parquet,2998.5004285633318,2823.881269411438
100000,hf,likaixin/InstructCoder,2026-01-05 12:14:38.710379,000076,22800,76,2026-01-05 12:11:38.710379,2026-01-05 12:11:38.710379,2026-01-05 12:14:38.710379,True,179.856,/projects/aiuserapps/genai_power_dataset/01_aggregated_datasets/inference_online_rate_llama3_70b/results/000075.parquet,2996.615542391778,2834.5124771274886
100000,hf,likaixin/InstructCoder,2026-01-05 12:19:58.851295,000077,23100,77,2026-01-05 12:16:58.851295,2026-01-05 12:16:58.851295,2026-01-05 12:19:58.851295,True,179.896,/projects/aiuserapps/genai_power_dataset/01_aggregated_datasets/inference_online_rate_llama3_70b/results/000076.parquet,3005.0662489614238,2837.6831876994183
100000,hf,likaixin/InstructCoder,2026-01-05 12:25:18.978314,000078,23400,78,2026-01-05 12:22:18.978314,2026-01-05 12:22:18.978314,2026-01-05 12:25:18.978314,True,179.817,/projects/aiuserapps/genai_power_dataset/01_aggregated_datasets/inference_online_rate_llama3_70b/results/000077.parquet,3034.080486239406,2830.655650352477
100000,hf,likaixin/InstructCoder,2026-01-05 12:30:39.113177,000079,23700,79,2026-01-05 12:27:39.113177,2026-01-05 12:27:39.113177,2026-01-05 12:30:39.113177,True,179.909,/projects/aiuserapps/genai_power_dataset/01_aggregated_datasets/inference_online_rate_llama3_70b/results/000078.parquet,2999.3520765420135,2828.531189834049
100000,hf,likaixin/InstructCoder,2026-01-05 12:35:59.239198,000080,24000,80,2026-01-05 12:32:59.239198,2026-01-05 12:32:59.239198,2026-01-05 12:35:59.239198,True,179.906,/projects/aiuserapps/genai_power_dataset/01_aggregated_datasets/inference_online_rate_llama3_70b/results/000079.parquet,3006.813319332974,2832.2646253469
100000,hf,likaixin/InstructCoder,2026-01-05 12:41:19.378436,000081,24300,81,2026-01-05 12:38:19.378436,2026-01-05 12:38:19.378436,2026-01-05 12:41:19.378436,True,179.964,/projects/aiuserapps/genai_power_dataset/01_aggregated_datasets/inference_online_rate_llama3_70b/results/000080.parquet,3013.5518611311654,2831.123440170642
100000,hf,likaixin/InstructCoder,2026-01-05 12:46:39.505913,000082,24600,82,2026-01-05 12:43:39.505913,2026-01-05 12:43:39.505913,2026-01-05 12:46:39.505913,True,179.864,/projects/aiuserapps/genai_power_dataset/01_aggregated_datasets/inference_online_rate_llama3_70b/results/000081.parquet,3015.55172877906,2833.0329170125738
100000,hf,likaixin/InstructCoder,2026-01-05 12:51:59.621238,000083,24900,83,2026-01-05 12:48:59.621238,2026-01-05 12:48:59.621238,2026-01-05 12:51:59.621238,True,179.856,/projects/aiuserapps/genai_power_dataset/01_aggregated_datasets/inference_online_rate_llama3_70b/results/000082.parquet,2994.6415315572535,2826.5724886428234
100000,hf,likaixin/InstructCoder,2026-01-05 12:57:19.768448,000084,25200,84,2026-01-05 12:54:19.768448,2026-01-05 12:54:19.768448,2026-01-05 12:57:19.768448,True,179.962,/projects/aiuserapps/genai_power_dataset/01_aggregated_datasets/inference_online_rate_llama3_70b/results/000083.parquet,3000.795937347648,2834.402020692585
100000,hf,likaixin/InstructCoder,2026-01-05 13:02:39.907820,000085,25500,85,2026-01-05 12:59:39.907820,2026-01-05 12:59:39.907820,2026-01-05 13:02:39.907820,True,179.953,/projects/aiuserapps/genai_power_dataset/01_aggregated_datasets/inference_online_rate_llama3_70b/results/000084.parquet,2991.8270982268027,2828.3177545618587
100000,hf,likaixin/InstructCoder,2026-01-05 13:08:00.100611,000086,25800,86,2026-01-05 13:05:00.100611,2026-01-05 13:05:00.100611,2026-01-05 13:08:00.100611,True,179.892,/projects/aiuserapps/genai_power_dataset/01_aggregated_datasets/inference_online_rate_llama3_70b/results/000085.parquet,2993.9579049816557,2815.3966951151965
100000,hf,likaixin/InstructCoder,2026-01-05 13:13:20.248920,000087,26100,87,2026-01-05 13:10:20.248920,2026-01-05 13:10:20.248920,2026-01-05 13:13:20.248920,True,179.889,/projects/aiuserapps/genai_power_dataset/01_aggregated_datasets/inference_online_rate_llama3_70b/results/000086.parquet,3001.7394673506724,2823.6188942330714
100000,hf,likaixin/InstructCoder,2026-01-05 13:18:40.394728,000088,26400,88,2026-01-05 13:15:40.394728,2026-01-05 13:15:40.394728,2026-01-05 13:18:40.394728,True,179.993,/projects/aiuserapps/genai_power_dataset/01_aggregated_datasets/inference_online_rate_llama3_70b/results/000087.parquet,3001.8267580882793,2822.449137553508
100000,hf,likaixin/InstructCoder,2026-01-05 13:24:00.530468,000089,26700,89,2026-01-05 13:21:00.530468,2026-01-05 13:21:00.530468,2026-01-05 13:24:00.530468,True,179.899,/projects/aiuserapps/genai_power_dataset/01_aggregated_datasets/inference_online_rate_llama3_70b/results/000088.parquet,2992.453950089513,2810.8959131829633
100000,hf,likaixin/InstructCoder,2026-01-05 13:29:20.683518,000090,27000,90,2026-01-05 13:26:20.683518,2026-01-05 13:26:20.683518,2026-01-05 13:29:20.683518,True,179.869,/projects/aiuserapps/genai_power_dataset/01_aggregated_datasets/inference_online_rate_llama3_70b/results/000089.parquet,2990.976604544647,2803.2320934609825
100000,hf,likaixin/InstructCoder,2026-01-05 13:34:40.827872,000091,27300,91,2026-01-05 13:31:40.827872,2026-01-05 13:31:40.827872,2026-01-05 13:34:40.827872,True,179.887,/projects/aiuserapps/genai_power_dataset/01_aggregated_datasets/inference_online_rate_llama3_70b/results/000090.parquet,3008.0768395007294,2798.597910732919
100000,hf,likaixin/InstructCoder,2026-01-05 13:40:00.996297,000092,27600,92,2026-01-05 13:37:00.996297,2026-01-05 13:37:00.996297,2026-01-05 13:40:00.996297,True,179.889,/projects/aiuserapps/genai_power_dataset/01_aggregated_datasets/inference_online_rate_llama3_70b/results/000091.parquet,2997.195831452088,2802.9224608991262
100000,hf,likaixin/InstructCoder,2026-01-05 13:45:21.158286,000093,27900,93,2026-01-05 13:42:21.158286,2026-01-05 13:42:21.158286,2026-01-05 13:45:21.158286,True,179.905,/projects/aiuserapps/genai_power_dataset/01_aggregated_datasets/inference_online_rate_llama3_70b/results/000092.parquet,2995.321982512229,2804.237689894717
100000,hf,likaixin/InstructCoder,2026-01-05 13:50:41.331500,000094,28200,94,2026-01-05 13:47:41.331500,2026-01-05 13:47:41.331500,2026-01-05 13:50:41.331500,True,179.857,/projects/aiuserapps/genai_power_dataset/01_aggregated_datasets/inference_online_rate_llama3_70b/results/000093.parquet,2993.649299079612,2799.252853638624
100000,hf,likaixin/InstructCoder,2026-01-05 13:56:01.466860,000095,28500,95,2026-01-05 13:53:01.466860,2026-01-05 13:53:01.466860,2026-01-05 13:56:01.466860,True,179.899,/projects/aiuserapps/genai_power_dataset/01_aggregated_datasets/inference_online_rate_llama3_70b/results/000094.parquet,2976.1032510297896,2800.66957802064
100000,hf,likaixin/InstructCoder,2026-01-05 14:01:21.628925,000096,28800,96,2026-01-05 13:58:21.628925,2026-01-05 13:58:21.628925,2026-01-05 14:01:21.628925,True,179.883,/projects/aiuserapps/genai_power_dataset/01_aggregated_datasets/inference_online_rate_llama3_70b/results/000095.parquet,3009.9691940796192,2814.5343572590937
100000,hf,likaixin/InstructCoder,2026-01-05 14:06:41.790841,000097,29100,97,2026-01-05 14:03:41.790841,2026-01-05 14:03:41.790841,2026-01-05 14:06:41.790841,True,179.892,/projects/aiuserapps/genai_power_dataset/01_aggregated_datasets/inference_online_rate_llama3_70b/results/000096.parquet,3004.25671359426,2816.956570943107
100000,hf,likaixin/InstructCoder,2026-01-05 14:12:01.932392,000098,29400,98,2026-01-05 14:09:01.932392,2026-01-05 14:09:01.932392,2026-01-05 14:12:01.932392,True,179.902,/projects/aiuserapps/genai_power_dataset/01_aggregated_datasets/inference_online_rate_llama3_70b/results/000097.parquet,3002.3237737772906,2788.253657016555
100000,hf,likaixin/InstructCoder,2026-01-05 14:17:22.101114,000099,29700,99,2026-01-05 14:14:22.101114,2026-01-05 14:14:22.101114,2026-01-05 14:17:22.101114,True,179.891,/projects/aiuserapps/genai_power_dataset/01_aggregated_datasets/inference_online_rate_llama3_70b/results/000098.parquet,2993.01229735747,2791.4814813324706
100000,hf,likaixin/InstructCoder,2026-01-05 14:22:42.277264,000100,30000,100,2026-01-05 14:19:42.277264,2026-01-05 14:19:42.277264,2026-01-05 14:22:42.277264,True,179.974,/projects/aiuserapps/genai_power_dataset/01_aggregated_datasets/inference_online_rate_llama3_70b/results/000099.parquet,2987.090304510742,2792.5556431476025
100000,hf,mgoin/mlperf-inference-llama2-data,2026-01-05 14:28:02.442594,000101,300,1,2026-01-05 14:25:02.442594,2026-01-05 14:25:02.442594,2026-01-05 14:28:02.442594,True,179.97,/projects/aiuserapps/genai_power_dataset/01_aggregated_datasets/inference_online_rate_llama3_70b/results/000100.parquet,2102.439555678736,2062.823790012028
100000,hf,mgoin/mlperf-inference-llama2-data,2026-01-05 14:33:22.505770,000102,600,2,2026-01-05 14:30:22.505770,2026-01-05 14:30:22.505770,2026-01-05 14:33:22.505770,True,179.878,/projects/aiuserapps/genai_power_dataset/01_aggregated_datasets/inference_online_rate_llama3_70b/results/000101.parquet,2104.2872727391796,2074.5106523972163
100000,hf,mgoin/mlperf-inference-llama2-data,2026-01-05 14:38:42.563107,000103,900,3,2026-01-05 14:35:42.563107,2026-01-05 14:35:42.563107,2026-01-05 14:38:42.563107,True,179.892,/projects/aiuserapps/genai_power_dataset/01_aggregated_datasets/inference_online_rate_llama3_70b/results/000102.parquet,2114.1647398455075,2080.839833463386
100000,hf,mgoin/mlperf-inference-llama2-data,2026-01-05 14:44:02.626141,000104,1200,4,2026-01-05 14:41:02.626141,2026-01-05 14:41:02.626141,2026-01-05 14:44:02.626141,True,179.907,/projects/aiuserapps/genai_power_dataset/01_aggregated_datasets/inference_online_rate_llama3_70b/results/000103.parquet,2133.344248312138,2092.953924151493
100000,hf,mgoin/mlperf-inference-llama2-data,2026-01-05 14:49:22.682836,000105,1500,5,2026-01-05 14:46:22.682836,2026-01-05 14:46:22.682836,2026-01-05 14:49:22.682836,True,179.926,/projects/aiuserapps/genai_power_dataset/01_aggregated_datasets/inference_online_rate_llama3_70b/results/000104.parquet,2150.1503829193107,2097.8927796409907
100000,hf,mgoin/mlperf-inference-llama2-data,2026-01-05 14:54:42.748863,000106,1800,6,2026-01-05 14:51:42.748863,2026-01-05 14:51:42.748863,2026-01-05 14:54:42.748863,True,179.902,/projects/aiuserapps/genai_power_dataset/01_aggregated_datasets/inference_online_rate_llama3_70b/results/000105.parquet,2158.424924296295,2112.018970228426
100000,hf,mgoin/mlperf-inference-llama2-data,2026-01-05 15:00:02.806299,000107,2100,7,2026-01-05 14:57:02.806299,2026-01-05 14:57:02.806299,2026-01-05 15:00:02.806299,True,179.89,/projects/aiuserapps/genai_power_dataset/01_aggregated_datasets/inference_online_rate_llama3_70b/results/000106.parquet,2162.7354679864297,2130.215412090707
100000,hf,mgoin/mlperf-inference-llama2-data,2026-01-05 15:05:22.863784,000108,2400,8,2026-01-05 15:02:22.863784,2026-01-05 15:02:22.863784,2026-01-05 15:05:22.863784,True,179.854,/projects/aiuserapps/genai_power_dataset/01_aggregated_datasets/inference_online_rate_llama3_70b/results/000107.parquet,2204.0829350456474,2154.067882600987
100000,hf,mgoin/mlperf-inference-llama2-data,2026-01-05 15:10:42.923393,000109,2700,9,2026-01-05 15:07:42.923393,2026-01-05 15:07:42.923393,2026-01-05 15:10:42.923393,True,179.954,/projects/aiuserapps/genai_power_dataset/01_aggregated_datasets/inference_online_rate_llama3_70b/results/000108.parquet,2231.233534051336,2158.5825590942554
100000,hf,mgoin/mlperf-inference-llama2-data,2026-01-05 15:16:02.986418,000110,3000,10,2026-01-05 15:13:02.986418,2026-01-05 15:13:02.986418,2026-01-05 15:16:02.986418,True,179.854,/projects/aiuserapps/genai_power_dataset/01_aggregated_datasets/inference_online_rate_llama3_70b/results/000109.parquet,2270.0582024618648,2169.641624781556
100000,hf,mgoin/mlperf-inference-llama2-data,2026-01-05 15:21:23.044521,000111,3300,11,2026-01-05 15:18:23.044521,2026-01-05 15:18:23.044521,2026-01-05 15:21:23.044521,True,179.962,/projects/aiuserapps/genai_power_dataset/01_aggregated_datasets/inference_online_rate_llama3_70b/results/000110.parquet,2334.048623192368,2200.028540141627
100000,hf,mgoin/mlperf-inference-llama2-data,2026-01-05 15:26:43.108904,000112,3600,12,2026-01-05 15:23:43.108904,2026-01-05 15:23:43.108904,2026-01-05 15:26:43.108904,True,179.855,/projects/aiuserapps/genai_power_dataset/01_aggregated_datasets/inference_online_rate_llama3_70b/results/000111.parquet,2316.5579371398144,2224.656169712039
100000,hf,mgoin/mlperf-inference-llama2-data,2026-01-05 15:32:03.171321,000113,3900,13,2026-01-05 15:29:03.171321,2026-01-05 15:29:03.171321,2026-01-05 15:32:03.171321,True,179.99,/projects/aiuserapps/genai_power_dataset/01_aggregated_datasets/inference_online_rate_llama3_70b/results/000112.parquet,2333.660691938119,2242.4913396652128
100000,hf,mgoin/mlperf-inference-llama2-data,2026-01-05 15:37:23.226399,000114,4200,14,2026-01-05 15:34:23.226399,2026-01-05 15:34:23.226399,2026-01-05 15:37:23.226399,True,179.897,/projects/aiuserapps/genai_power_dataset/01_aggregated_datasets/inference_online_rate_llama3_70b/results/000113.parquet,2372.4761284037945,2268.781155493588
100000,hf,mgoin/mlperf-inference-llama2-data,2026-01-05 15:42:43.283673,000115,4500,15,2026-01-05 15:39:43.283673,2026-01-05 15:39:43.283673,2026-01-05 15:42:43.283673,True,179.985,/projects/aiuserapps/genai_power_dataset/01_aggregated_datasets/inference_online_rate_llama3_70b/results/000114.parquet,2390.875034033042,2304.332017580802
100000,hf,mgoin/mlperf-inference-llama2-data,2026-01-05 15:48:03.341146,000116,4800,16,2026-01-05 15:45:03.341146,2026-01-05 15:45:03.341146,2026-01-05 15:48:03.341146,True,179.887,/projects/aiuserapps/genai_power_dataset/01_aggregated_datasets/inference_online_rate_llama3_70b/results/000115.parquet,2419.8362941909027,2330.54462521857
100000,hf,mgoin/mlperf-inference-llama2-data,2026-01-05 15:53:23.405298,000117,5100,17,2026-01-05 15:50:23.405298,2026-01-05 15:50:23.405298,2026-01-05 15:53:23.405298,True,179.851,/projects/aiuserapps/genai_power_dataset/01_aggregated_datasets/inference_online_rate_llama3_70b/results/000116.parquet,2432.3509798561586,2354.2465396643674
100000,hf,mgoin/mlperf-inference-llama2-data,2026-01-05 15:58:43.466258,000118,5400,18,2026-01-05 15:55:43.466258,2026-01-05 15:55:43.466258,2026-01-05 15:58:43.466258,True,179.941,/projects/aiuserapps/genai_power_dataset/01_aggregated_datasets/inference_online_rate_llama3_70b/results/000117.parquet,2474.708236858125,2390.1773000256844
100000,hf,mgoin/mlperf-inference-llama2-data,2026-01-05 16:04:03.522358,000119,5700,19,2026-01-05 16:01:03.522358,2026-01-05 16:01:03.522358,2026-01-05 16:04:03.522358,True,179.851,/projects/aiuserapps/genai_power_dataset/01_aggregated_datasets/inference_online_rate_llama3_70b/results/000118.parquet,2481.400655365562,2414.9320435622003
100000,hf,mgoin/mlperf-inference-llama2-data,2026-01-05 16:09:23.589132,000120,6000,20,2026-01-05 16:06:23.589132,2026-01-05 16:06:23.589132,2026-01-05 16:09:23.589132,True,179.95,/projects/aiuserapps/genai_power_dataset/01_aggregated_datasets/inference_online_rate_llama3_70b/results/000119.parquet,2497.3827955300553,2436.3775858104254
100000,hf,mgoin/mlperf-inference-llama2-data,2026-01-05 16:14:43.654576,000121,6300,21,2026-01-05 16:11:43.654576,2026-01-05 16:11:43.654576,2026-01-05 16:14:43.654576,True,179.864,/projects/aiuserapps/genai_power_dataset/01_aggregated_datasets/inference_online_rate_llama3_70b/results/000120.parquet,2532.046610643293,2452.8618475049343
100000,hf,mgoin/mlperf-inference-llama2-data,2026-01-05 16:20:03.713456,000122,6600,22,2026-01-05 16:17:03.713456,2026-01-05 16:17:03.713456,2026-01-05 16:20:03.713456,True,179.934,/projects/aiuserapps/genai_power_dataset/01_aggregated_datasets/inference_online_rate_llama3_70b/results/000121.parquet,2561.8125127050057,2472.781567589922
100000,hf,mgoin/mlperf-inference-llama2-data,2026-01-05 16:25:23.773627,000123,6900,23,2026-01-05 16:22:23.773627,2026-01-05 16:22:23.773627,2026-01-05 16:25:23.773627,True,179.92,/projects/aiuserapps/genai_power_dataset/01_aggregated_datasets/inference_online_rate_llama3_70b/results/000122.parquet,2583.534441791731,2505.22059500326
100000,hf,mgoin/mlperf-inference-llama2-data,2026-01-05 16:30:43.842825,000124,7200,24,2026-01-05 16:27:43.842825,2026-01-05 16:27:43.842825,2026-01-05 16:30:43.842825,True,179.916,/projects/aiuserapps/genai_power_dataset/01_aggregated_datasets/inference_online_rate_llama3_70b/results/000123.parquet,2606.389783910194,2526.7834464924954
100000,hf,mgoin/mlperf-inference-llama2-data,2026-01-05 16:36:03.910687,000125,7500,25,2026-01-05 16:33:03.910687,2026-01-05 16:33:03.910687,2026-01-05 16:36:03.910687,True,179.911,/projects/aiuserapps/genai_power_dataset/01_aggregated_datasets/inference_online_rate_llama3_70b/results/000124.parquet,2627.5873642761067,2550.6418309468795
100000,hf,mgoin/mlperf-inference-llama2-data,2026-01-05 16:41:23.967607,000126,7800,26,2026-01-05 16:38:23.967607,2026-01-05 16:38:23.967607,2026-01-05 16:41:23.967607,True,179.97,/projects/aiuserapps/genai_power_dataset/01_aggregated_datasets/inference_online_rate_llama3_70b/results/000125.parquet,2683.963936663269,2578.948579005753
100000,hf,mgoin/mlperf-inference-llama2-data,2026-01-05 16:46:44.024415,000127,8100,27,2026-01-05 16:43:44.024415,2026-01-05 16:43:44.024415,2026-01-05 16:46:44.024415,True,179.868,/projects/aiuserapps/genai_power_dataset/01_aggregated_datasets/inference_online_rate_llama3_70b/results/000126.parquet,2698.5295644951325,2609.106536909452
100000,hf,mgoin/mlperf-inference-llama2-data,2026-01-05 16:52:04.083899,000128,8400,28,2026-01-05 16:49:04.083899,2026-01-05 16:49:04.083899,2026-01-05 16:52:04.083899,True,179.866,/projects/aiuserapps/genai_power_dataset/01_aggregated_datasets/inference_online_rate_llama3_70b/results/000127.parquet,2748.770520896403,2642.5684552818884
100000,hf,mgoin/mlperf-inference-llama2-data,2026-01-05 16:57:24.150877,000129,8700,29,2026-01-05 16:54:24.150877,2026-01-05 16:54:24.150877,2026-01-05 16:57:24.150877,True,179.863,/projects/aiuserapps/genai_power_dataset/01_aggregated_datasets/inference_online_rate_llama3_70b/results/000128.parquet,2789.1855190471642,2665.9053334779073
100000,hf,mgoin/mlperf-inference-llama2-data,2026-01-05 17:02:44.218374,000130,9000,30,2026-01-05 16:59:44.218374,2026-01-05 16:59:44.218374,2026-01-05 17:02:44.218374,True,179.974,/projects/aiuserapps/genai_power_dataset/01_aggregated_datasets/inference_online_rate_llama3_70b/results/000129.parquet,2797.842013227311,2694.847149198007
100000,hf,mgoin/mlperf-inference-llama2-data,2026-01-05 17:08:04.281766,000131,9300,31,2026-01-05 17:05:04.281766,2026-01-05 17:05:04.281766,2026-01-05 17:08:04.281766,True,179.931,/projects/aiuserapps/genai_power_dataset/01_aggregated_datasets/inference_online_rate_llama3_70b/results/000130.parquet,2828.857272669726,2716.3338349775513
100000,hf,mgoin/mlperf-inference-llama2-data,2026-01-05 17:13:24.346781,000132,9600,32,2026-01-05 17:10:24.346781,2026-01-05 17:10:24.346781,2026-01-05 17:13:24.346781,True,179.92,/projects/aiuserapps/genai_power_dataset/01_aggregated_datasets/inference_online_rate_llama3_70b/results/000131.parquet,2822.501698930901,2739.722209821705
100000,hf,mgoin/mlperf-inference-llama2-data,2026-01-05 17:18:44.421245,000133,9900,33,2026-01-05 17:15:44.421245,2026-01-05 17:15:44.421245,2026-01-05 17:18:44.421245,True,179.89,/projects/aiuserapps/genai_power_dataset/01_aggregated_datasets/inference_online_rate_llama3_70b/results/000132.parquet,2871.269811606918,2767.385372351628
100000,hf,mgoin/mlperf-inference-llama2-data,2026-01-05 17:24:04.488642,000134,10200,34,2026-01-05 17:21:04.488642,2026-01-05 17:21:04.488642,2026-01-05 17:24:04.488642,True,179.89,/projects/aiuserapps/genai_power_dataset/01_aggregated_datasets/inference_online_rate_llama3_70b/results/000133.parquet,2872.715299370828,2781.712963104174
100000,hf,mgoin/mlperf-inference-llama2-data,2026-01-05 17:29:24.562007,000135,10500,35,2026-01-05 17:26:24.562007,2026-01-05 17:26:24.562007,2026-01-05 17:29:24.562007,True,179.954,/projects/aiuserapps/genai_power_dataset/01_aggregated_datasets/inference_online_rate_llama3_70b/results/000134.parquet,2875.2368120832934,2796.703362937224
100000,hf,mgoin/mlperf-inference-llama2-data,2026-01-05 17:34:44.631009,000136,10800,36,2026-01-05 17:31:44.631009,2026-01-05 17:31:44.631009,2026-01-05 17:34:44.631009,True,179.851,/projects/aiuserapps/genai_power_dataset/01_aggregated_datasets/inference_online_rate_llama3_70b/results/000135.parquet,2899.198860729812,2814.1074163427247
100000,hf,mgoin/mlperf-inference-llama2-data,2026-01-05 17:40:04.697689,000137,11100,37,2026-01-05 17:37:04.697689,2026-01-05 17:37:04.697689,2026-01-05 17:40:04.697689,True,179.96,/projects/aiuserapps/genai_power_dataset/01_aggregated_datasets/inference_online_rate_llama3_70b/results/000136.parquet,2895.0288044523754,2821.634351308501
100000,hf,mgoin/mlperf-inference-llama2-data,2026-01-05 17:45:24.768824,000138,11400,38,2026-01-05 17:42:24.768824,2026-01-05 17:42:24.768824,2026-01-05 17:45:24.768824,True,179.879,/projects/aiuserapps/genai_power_dataset/01_aggregated_datasets/inference_online_rate_llama3_70b/results/000137.parquet,2885.2596223376504,2826.093053900381
100000,hf,mgoin/mlperf-inference-llama2-data,2026-01-05 17:50:44.841717,000139,11700,39,2026-01-05 17:47:44.841717,2026-01-05 17:47:44.841717,2026-01-05 17:50:44.841717,True,179.917,/projects/aiuserapps/genai_power_dataset/01_aggregated_datasets/inference_online_rate_llama3_70b/results/000138.parquet,2893.7852873508837,2838.5407201367957
100000,hf,mgoin/mlperf-inference-llama2-data,2026-01-05 17:56:04.903936,000140,12000,40,2026-01-05 17:53:04.903936,2026-01-05 17:53:04.903936,2026-01-05 17:56:04.903936,True,179.891,/projects/aiuserapps/genai_power_dataset/01_aggregated_datasets/inference_online_rate_llama3_70b/results/000139.parquet,2895.149799485821,2836.6288509662977
100000,hf,mgoin/mlperf-inference-llama2-data,2026-01-05 18:01:24.969993,000141,12300,41,2026-01-05 17:58:24.969993,2026-01-05 17:58:24.969993,2026-01-05 18:01:24.969993,True,179.902,/projects/aiuserapps/genai_power_dataset/01_aggregated_datasets/inference_online_rate_llama3_70b/results/000140.parquet,2887.7677789565305,2831.7081976842433
100000,hf,mgoin/mlperf-inference-llama2-data,2026-01-05 18:06:45.033320,000142,12600,42,2026-01-05 18:03:45.033320,2026-01-05 18:03:45.033320,2026-01-05 18:06:45.033320,True,179.933,/projects/aiuserapps/genai_power_dataset/01_aggregated_datasets/inference_online_rate_llama3_70b/results/000141.parquet,2892.4163588857105,2831.711720364571
100000,hf,mgoin/mlperf-inference-llama2-data,2026-01-05 18:12:05.111714,000143,12900,43,2026-01-05 18:09:05.111714,2026-01-05 18:09:05.111714,2026-01-05 18:12:05.111714,True,179.906,/projects/aiuserapps/genai_power_dataset/01_aggregated_datasets/inference_online_rate_llama3_70b/results/000142.parquet,2884.4312310770742,2824.030468024244
100000,hf,mgoin/mlperf-inference-llama2-data,2026-01-05 18:17:25.182970,000144,13200,44,2026-01-05 18:14:25.182970,2026-01-05 18:14:25.182970,2026-01-05 18:17:25.182970,True,179.966,/projects/aiuserapps/genai_power_dataset/01_aggregated_datasets/inference_online_rate_llama3_70b/results/000143.parquet,2899.461928571735,2820.842883621178
100000,hf,mgoin/mlperf-inference-llama2-data,2026-01-05 18:22:45.248626,000145,13500,45,2026-01-05 18:19:45.248626,2026-01-05 18:19:45.248626,2026-01-05 18:22:45.248626,True,179.902,/projects/aiuserapps/genai_power_dataset/01_aggregated_datasets/inference_online_rate_llama3_70b/results/000144.parquet,2902.334238538875,2814.206380475799
100000,hf,mgoin/mlperf-inference-llama2-data,2026-01-05 18:28:05.318512,000146,13800,46,2026-01-05 18:25:05.318512,2026-01-05 18:25:05.318512,2026-01-05 18:28:05.318512,True,179.903,/projects/aiuserapps/genai_power_dataset/01_aggregated_datasets/inference_online_rate_llama3_70b/results/000145.parquet,2922.4447783843475,2769.1867037363977
100000,hf,mgoin/mlperf-inference-llama2-data,2026-01-05 18:33:25.387132,000147,14100,47,2026-01-05 18:30:25.387132,2026-01-05 18:30:25.387132,2026-01-05 18:33:25.387132,True,179.873,/projects/aiuserapps/genai_power_dataset/01_aggregated_datasets/inference_online_rate_llama3_70b/results/000146.parquet,2947.6616241596403,2756.4490559056826
100000,hf,mgoin/mlperf-inference-llama2-data,2026-01-05 18:38:45.454951,000148,14400,48,2026-01-05 18:35:45.454951,2026-01-05 18:35:45.454951,2026-01-05 18:38:45.454951,True,179.916,/projects/aiuserapps/genai_power_dataset/01_aggregated_datasets/inference_online_rate_llama3_70b/results/000147.parquet,2934.7148351110523,2759.4053897585004
100000,hf,mgoin/mlperf-inference-llama2-data,2026-01-05 18:44:05.519608,000149,14700,49,2026-01-05 18:41:05.519608,2026-01-05 18:41:05.519608,2026-01-05 18:44:05.519608,True,179.881,/projects/aiuserapps/genai_power_dataset/01_aggregated_datasets/inference_online_rate_llama3_70b/results/000148.parquet,2918.9290673129644,2761.4040143814873
100000,hf,mgoin/mlperf-inference-llama2-data,2026-01-05 18:49:25.598965,000150,15000,50,2026-01-05 18:46:25.598965,2026-01-05 18:46:25.598965,2026-01-05 18:49:25.598965,True,179.882,/projects/aiuserapps/genai_power_dataset/01_aggregated_datasets/inference_online_rate_llama3_70b/results/000149.parquet,2924.896233058727,2779.150052178197
100000,hf,mgoin/mlperf-inference-llama2-data,2026-01-05 18:54:45.667110,000151,15300,51,2026-01-05 18:51:45.667110,2026-01-05 18:51:45.667110,2026-01-05 18:54:45.667110,True,179.89,/projects/aiuserapps/genai_power_dataset/01_aggregated_datasets/inference_online_rate_llama3_70b/results/000150.parquet,2928.300225888125,2778.8401248624564
100000,hf,mgoin/mlperf-inference-llama2-data,2026-01-05 19:00:05.746077,000152,15600,52,2026-01-05 18:57:05.746077,2026-01-05 18:57:05.746077,2026-01-05 19:00:05.746077,True,179.902,/projects/aiuserapps/genai_power_dataset/01_aggregated_datasets/inference_online_rate_llama3_70b/results/000151.parquet,2928.471005532382,2784.475951151961
100000,hf,mgoin/mlperf-inference-llama2-data,2026-01-05 19:05:25.829714,000153,15900,53,2026-01-05 19:02:25.829714,2026-01-05 19:02:25.829714,2026-01-05 19:05:25.829714,True,179.874,/projects/aiuserapps/genai_power_dataset/01_aggregated_datasets/inference_online_rate_llama3_70b/results/000152.parquet,2943.4613991071947,2794.4068916351775
100000,hf,mgoin/mlperf-inference-llama2-data,2026-01-05 19:10:45.901762,000154,16200,54,2026-01-05 19:07:45.901762,2026-01-05 19:07:45.901762,2026-01-05 19:10:45.901762,True,179.971,/projects/aiuserapps/genai_power_dataset/01_aggregated_datasets/inference_online_rate_llama3_70b/results/000153.parquet,2945.7597022338095,2770.9090361972294
100000,hf,mgoin/mlperf-inference-llama2-data,2026-01-05 19:16:05.985530,000155,16500,55,2026-01-05 19:13:05.985530,2026-01-05 19:13:05.985530,2026-01-05 19:16:05.985530,True,179.853,/projects/aiuserapps/genai_power_dataset/01_aggregated_datasets/inference_online_rate_llama3_70b/results/000154.parquet,2918.3005568009517,2764.4104156634417
100000,hf,mgoin/mlperf-inference-llama2-data,2026-01-05 19:21:26.068253,000156,16800,56,2026-01-05 19:18:26.068253,2026-01-05 19:18:26.068253,2026-01-05 19:21:26.068253,True,179.952,/projects/aiuserapps/genai_power_dataset/01_aggregated_datasets/inference_online_rate_llama3_70b/results/000155.parquet,2934.063867068971,2769.76547127816
100000,hf,mgoin/mlperf-inference-llama2-data,2026-01-05 19:26:46.151373,000157,17100,57,2026-01-05 19:23:46.151373,2026-01-05 19:23:46.151373,2026-01-05 19:26:46.151373,True,179.89,/projects/aiuserapps/genai_power_dataset/01_aggregated_datasets/inference_online_rate_llama3_70b/results/000156.parquet,2946.61480554544,2793.7255256600624
100000,hf,mgoin/mlperf-inference-llama2-data,2026-01-05 19:32:06.244425,000158,17400,58,2026-01-05 19:29:06.244425,2026-01-05 19:29:06.244425,2026-01-05 19:32:06.244425,True,179.891,/projects/aiuserapps/genai_power_dataset/01_aggregated_datasets/inference_online_rate_llama3_70b/results/000157.parquet,2941.659095561528,2790.459601532681
100000,hf,mgoin/mlperf-inference-llama2-data,2026-01-05 19:37:26.338449,000159,17700,59,2026-01-05 19:34:26.338449,2026-01-05 19:34:26.338449,2026-01-05 19:37:26.338449,True,179.891,/projects/aiuserapps/genai_power_dataset/01_aggregated_datasets/inference_online_rate_llama3_70b/results/000158.parquet,2942.7100230900755,2777.2610205060523
100000,hf,mgoin/mlperf-inference-llama2-data,2026-01-05 19:42:46.431735,000160,18000,60,2026-01-05 19:39:46.431735,2026-01-05 19:39:46.431735,2026-01-05 19:42:46.431735,True,179.884,/projects/aiuserapps/genai_power_dataset/01_aggregated_datasets/inference_online_rate_llama3_70b/results/000159.parquet,2923.649527577376,2799.0276132230733
100000,hf,mgoin/mlperf-inference-llama2-data,2026-01-05 19:48:06.530904,000161,18300,61,2026-01-05 19:45:06.530904,2026-01-05 19:45:06.530904,2026-01-05 19:48:06.530904,True,179.891,/projects/aiuserapps/genai_power_dataset/01_aggregated_datasets/inference_online_rate_llama3_70b/results/000160.parquet,2926.5632214697553,2791.208315058062
100000,hf,mgoin/mlperf-inference-llama2-data,2026-01-05 19:53:26.628825,000162,18600,62,2026-01-05 19:50:26.628825,2026-01-05 19:50:26.628825,2026-01-05 19:53:26.628825,True,179.856,/projects/aiuserapps/genai_power_dataset/01_aggregated_datasets/inference_online_rate_llama3_70b/results/000161.parquet,2912.5716481736345,2772.838133670082
100000,hf,mgoin/mlperf-inference-llama2-data,2026-01-05 19:58:46.733329,000163,18900,63,2026-01-05 19:55:46.733329,2026-01-05 19:55:46.733329,2026-01-05 19:58:46.733329,True,179.861,/projects/aiuserapps/genai_power_dataset/01_aggregated_datasets/inference_online_rate_llama3_70b/results/000162.parquet,2918.3102972944257,2776.143200731092
100000,hf,mgoin/mlperf-inference-llama2-data,2026-01-05 20:04:06.825176,000164,19200,64,2026-01-05 20:01:06.825176,2026-01-05 20:01:06.825176,2026-01-05 20:04:06.825176,True,179.955,/projects/aiuserapps/genai_power_dataset/01_aggregated_datasets/inference_online_rate_llama3_70b/results/000163.parquet,2942.0414165298707,2784.7815767134484
100000,hf,mgoin/mlperf-inference-llama2-data,2026-01-05 20:09:26.922240,000165,19500,65,2026-01-05 20:06:26.922240,2026-01-05 20:06:26.922240,2026-01-05 20:09:26.922240,True,179.857,/projects/aiuserapps/genai_power_dataset/01_aggregated_datasets/inference_online_rate_llama3_70b/results/000164.parquet,2936.456281151272,2776.533066732135
100000,hf,mgoin/mlperf-inference-llama2-data,2026-01-05 20:14:47.025664,000166,19800,66,2026-01-05 20:11:47.025664,2026-01-05 20:11:47.025664,2026-01-05 20:14:47.025664,True,179.889,/projects/aiuserapps/genai_power_dataset/01_aggregated_datasets/inference_online_rate_llama3_70b/results/000165.parquet,2915.2065902820013,2780.69898007104
100000,hf,mgoin/mlperf-inference-llama2-data,2026-01-05 20:20:07.159655,000167,20100,67,2026-01-05 20:17:07.159655,2026-01-05 20:17:07.159655,2026-01-05 20:20:07.159655,True,179.99,/projects/aiuserapps/genai_power_dataset/01_aggregated_datasets/inference_online_rate_llama3_70b/results/000166.parquet,2936.4049629153856,2778.77512397412
100000,hf,mgoin/mlperf-inference-llama2-data,2026-01-05 20:25:27.267040,000168,20400,68,2026-01-05 20:22:27.267040,2026-01-05 20:22:27.267040,2026-01-05 20:25:27.267040,True,179.993,/projects/aiuserapps/genai_power_dataset/01_aggregated_datasets/inference_online_rate_llama3_70b/results/000167.parquet,2943.1693753083036,2780.1914804758608
100000,hf,mgoin/mlperf-inference-llama2-data,2026-01-05 20:30:47.597894,000169,20700,69,2026-01-05 20:27:47.597894,2026-01-05 20:27:47.597894,2026-01-05 20:30:47.597894,True,179.895,/projects/aiuserapps/genai_power_dataset/01_aggregated_datasets/inference_online_rate_llama3_70b/results/000168.parquet,2920.2724485290832,2778.6049739942378
100000,hf,mgoin/mlperf-inference-llama2-data,2026-01-05 20:36:07.701477,000170,21000,70,2026-01-05 20:33:07.701477,2026-01-05 20:33:07.701477,2026-01-05 20:36:07.701477,True,179.89,/projects/aiuserapps/genai_power_dataset/01_aggregated_datasets/inference_online_rate_llama3_70b/results/000169.parquet,2946.4965043873235,2786.454813960495
100000,hf,mgoin/mlperf-inference-llama2-data,2026-01-05 20:41:27.812545,000171,21300,71,2026-01-05 20:38:27.812545,2026-01-05 20:38:27.812545,2026-01-05 20:41:27.812545,True,179.856,/projects/aiuserapps/genai_power_dataset/01_aggregated_datasets/inference_online_rate_llama3_70b/results/000170.parquet,2928.3367330307456,2782.4741264271465
100000,hf,mgoin/mlperf-inference-llama2-data,2026-01-05 20:46:47.929960,000172,21600,72,2026-01-05 20:43:47.929960,2026-01-05 20:43:47.929960,2026-01-05 20:46:47.929960,True,179.852,/projects/aiuserapps/genai_power_dataset/01_aggregated_datasets/inference_online_rate_llama3_70b/results/000171.parquet,2913.857704287759,2741.7065550155244
100000,hf,mgoin/mlperf-inference-llama2-data,2026-01-05 20:52:08.043895,000173,21900,73,2026-01-05 20:49:08.043895,2026-01-05 20:49:08.043895,2026-01-05 20:52:08.043895,True,179.855,/projects/aiuserapps/genai_power_dataset/01_aggregated_datasets/inference_online_rate_llama3_70b/results/000172.parquet,2896.752853464093,2746.538416087919
100000,hf,mgoin/mlperf-inference-llama2-data,2026-01-05 20:57:28.162267,000174,22200,74,2026-01-05 20:54:28.162267,2026-01-05 20:54:28.162267,2026-01-05 20:57:28.162267,True,179.848,/projects/aiuserapps/genai_power_dataset/01_aggregated_datasets/inference_online_rate_llama3_70b/results/000173.parquet,2932.2627028503716,2750.935849384609
100000,hf,mgoin/mlperf-inference-llama2-data,2026-01-05 21:02:48.268028,000175,22500,75,2026-01-05 20:59:48.268028,2026-01-05 20:59:48.268028,2026-01-05 21:02:48.268028,True,179.879,/projects/aiuserapps/genai_power_dataset/01_aggregated_datasets/inference_online_rate_llama3_70b/results/000174.parquet,2911.210818809023,2755.899571902057
100000,hf,mgoin/mlperf-inference-llama2-data,2026-01-05 21:08:08.405869,000176,22800,76,2026-01-05 21:05:08.405869,2026-01-05 21:05:08.405869,2026-01-05 21:08:08.405869,True,179.882,/projects/aiuserapps/genai_power_dataset/01_aggregated_datasets/inference_online_rate_llama3_70b/results/000175.parquet,2900.88576202901,2754.176571188471
100000,hf,mgoin/mlperf-inference-llama2-data,2026-01-05 21:13:28.538210,000177,23100,77,2026-01-05 21:10:28.538210,2026-01-05 21:10:28.538210,2026-01-05 21:13:28.538210,True,179.882,/projects/aiuserapps/genai_power_dataset/01_aggregated_datasets/inference_online_rate_llama3_70b/results/000176.parquet,2921.42073795874,2752.5324654225
100000,hf,mgoin/mlperf-inference-llama2-data,2026-01-05 21:18:48.651656,000178,23400,78,2026-01-05 21:15:48.651656,2026-01-05 21:15:48.651656,2026-01-05 21:18:48.651656,True,179.883,/projects/aiuserapps/genai_power_dataset/01_aggregated_datasets/inference_online_rate_llama3_70b/results/000177.parquet,2906.3871350404684,2751.2405445125164
100000,hf,mgoin/mlperf-inference-llama2-data,2026-01-05 21:24:08.782312,000179,23700,79,2026-01-05 21:21:08.782312,2026-01-05 21:21:08.782312,2026-01-05 21:24:08.782312,True,179.887,/projects/aiuserapps/genai_power_dataset/01_aggregated_datasets/inference_online_rate_llama3_70b/results/000178.parquet,2928.167666231695,2761.5393327291044
100000,hf,mgoin/mlperf-inference-llama2-data,2026-01-05 21:29:28.910525,000180,24000,80,2026-01-05 21:26:28.910525,2026-01-05 21:26:28.910525,2026-01-05 21:29:28.910525,True,179.945,/projects/aiuserapps/genai_power_dataset/01_aggregated_datasets/inference_online_rate_llama3_70b/results/000179.parquet,2915.56607153955,2772.3755390240362
100000,hf,mgoin/mlperf-inference-llama2-data,2026-01-05 21:34:49.037339,000181,24300,81,2026-01-05 21:31:49.037339,2026-01-05 21:31:49.037339,2026-01-05 21:34:49.037339,True,179.854,/projects/aiuserapps/genai_power_dataset/01_aggregated_datasets/inference_online_rate_llama3_70b/results/000180.parquet,2945.98499484559,2769.528163814678
100000,hf,mgoin/mlperf-inference-llama2-data,2026-01-05 21:40:09.172656,000182,24600,82,2026-01-05 21:37:09.172656,2026-01-05 21:37:09.172656,2026-01-05 21:40:09.172656,True,179.947,/projects/aiuserapps/genai_power_dataset/01_aggregated_datasets/inference_online_rate_llama3_70b/results/000181.parquet,2919.363023695788,2772.6197121947057
100000,hf,mgoin/mlperf-inference-llama2-data,2026-01-05 21:45:29.339720,000183,24900,83,2026-01-05 21:42:29.339720,2026-01-05 21:42:29.339720,2026-01-05 21:45:29.339720,True,179.848,/projects/aiuserapps/genai_power_dataset/01_aggregated_datasets/inference_online_rate_llama3_70b/results/000182.parquet,2943.5780517299913,2753.5451694132103
100000,hf,mgoin/mlperf-inference-llama2-data,2026-01-05 21:50:49.479057,000184,25200,84,2026-01-05 21:47:49.479057,2026-01-05 21:47:49.479057,2026-01-05 21:50:49.479057,True,179.893,/projects/aiuserapps/genai_power_dataset/01_aggregated_datasets/inference_online_rate_llama3_70b/results/000183.parquet,2943.303878577355,2771.7585784896496
100000,hf,mgoin/mlperf-inference-llama2-data,2026-01-05 21:56:09.596269,000185,25500,85,2026-01-05 21:53:09.596269,2026-01-05 21:53:09.596269,2026-01-05 21:56:09.596269,True,179.893,/projects/aiuserapps/genai_power_dataset/01_aggregated_datasets/inference_online_rate_llama3_70b/results/000184.parquet,2963.131863480634,2773.1410979811767
100000,hf,mgoin/mlperf-inference-llama2-data,2026-01-05 22:01:29.737892,000186,25800,86,2026-01-05 21:58:29.737892,2026-01-05 21:58:29.737892,2026-01-05 22:01:29.737892,True,179.886,/projects/aiuserapps/genai_power_dataset/01_aggregated_datasets/inference_online_rate_llama3_70b/results/000185.parquet,2947.389946113947,2775.5014812619274
100000,hf,mgoin/mlperf-inference-llama2-data,2026-01-05 22:06:49.899978,000187,26100,87,2026-01-05 22:03:49.899978,2026-01-05 22:03:49.899978,2026-01-05 22:06:49.899978,True,179.884,/projects/aiuserapps/genai_power_dataset/01_aggregated_datasets/inference_online_rate_llama3_70b/results/000186.parquet,2924.11235218421,2776.4138211706686
100000,hf,mgoin/mlperf-inference-llama2-data,2026-01-05 22:12:10.061004,000188,26400,88,2026-01-05 22:09:10.061004,2026-01-05 22:09:10.061004,2026-01-05 22:12:10.061004,True,179.889,/projects/aiuserapps/genai_power_dataset/01_aggregated_datasets/inference_online_rate_llama3_70b/results/000187.parquet,2920.1198543780147,2765.8447610989856
100000,hf,mgoin/mlperf-inference-llama2-data,2026-01-05 22:17:30.206242,000189,26700,89,2026-01-05 22:14:30.206242,2026-01-05 22:14:30.206242,2026-01-05 22:17:30.206242,True,179.948,/projects/aiuserapps/genai_power_dataset/01_aggregated_datasets/inference_online_rate_llama3_70b/results/000188.parquet,2946.8987514110145,2761.593850192585
100000,hf,mgoin/mlperf-inference-llama2-data,2026-01-05 22:22:50.362373,000190,27000,90,2026-01-05 22:19:50.362373,2026-01-05 22:19:50.362373,2026-01-05 22:22:50.362373,True,179.856,/projects/aiuserapps/genai_power_dataset/01_aggregated_datasets/inference_online_rate_llama3_70b/results/000189.parquet,2922.66662340271,2724.422937091683
100000,hf,mgoin/mlperf-inference-llama2-data,2026-01-05 22:28:10.516890,000191,27300,91,2026-01-05 22:25:10.516890,2026-01-05 22:25:10.516890,2026-01-05 22:28:10.516890,True,179.956,/projects/aiuserapps/genai_power_dataset/01_aggregated_datasets/inference_online_rate_llama3_70b/results/000190.parquet,2914.8308175550405,2743.2432760189267
100000,hf,mgoin/mlperf-inference-llama2-data,2026-01-05 22:33:30.664622,000192,27600,92,2026-01-05 22:30:30.664622,2026-01-05 22:30:30.664622,2026-01-05 22:33:30.664622,True,179.954,/projects/aiuserapps/genai_power_dataset/01_aggregated_datasets/inference_online_rate_llama3_70b/results/000191.parquet,2963.687229947513,2748.9859312454705
100000,hf,mgoin/mlperf-inference-llama2-data,2026-01-05 22:38:50.818659,000193,27900,93,2026-01-05 22:35:50.818659,2026-01-05 22:35:50.818659,2026-01-05 22:38:50.818659,True,179.879,/projects/aiuserapps/genai_power_dataset/01_aggregated_datasets/inference_online_rate_llama3_70b/results/000192.parquet,2933.6280034111824,2756.0007080332166
100000,hf,mgoin/mlperf-inference-llama2-data,2026-01-05 22:44:10.980083,000194,28200,94,2026-01-05 22:41:10.980083,2026-01-05 22:41:10.980083,2026-01-05 22:44:10.980083,True,179.899,/projects/aiuserapps/genai_power_dataset/01_aggregated_datasets/inference_online_rate_llama3_70b/results/000193.parquet,2915.3518296114844,2750.8018323468636
100000,hf,mgoin/mlperf-inference-llama2-data,2026-01-05 22:49:31.134854,000195,28500,95,2026-01-05 22:46:31.134854,2026-01-05 22:46:31.134854,2026-01-05 22:49:31.134854,True,179.895,/projects/aiuserapps/genai_power_dataset/01_aggregated_datasets/inference_online_rate_llama3_70b/results/000194.parquet,2951.9792617529706,2722.2660134454527
100000,hf,mgoin/mlperf-inference-llama2-data,2026-01-05 22:54:51.291423,000196,28800,96,2026-01-05 22:51:51.291423,2026-01-05 22:51:51.291423,2026-01-05 22:54:51.291423,True,179.906,/projects/aiuserapps/genai_power_dataset/01_aggregated_datasets/inference_online_rate_llama3_70b/results/000195.parquet,2916.1463130471134,2736.3473586714786
100000,hf,mgoin/mlperf-inference-llama2-data,2026-01-05 23:00:11.458019,000197,29100,97,2026-01-05 22:57:11.458019,2026-01-05 22:57:11.458019,2026-01-05 23:00:11.458019,True,179.9,/projects/aiuserapps/genai_power_dataset/01_aggregated_datasets/inference_online_rate_llama3_70b/results/000196.parquet,2943.6319139432144,2735.6363699688463
100000,hf,mgoin/mlperf-inference-llama2-data,2026-01-05 23:05:31.630805,000198,29400,98,2026-01-05 23:02:31.630805,2026-01-05 23:02:31.630805,2026-01-05 23:05:31.630805,True,179.95,/projects/aiuserapps/genai_power_dataset/01_aggregated_datasets/inference_online_rate_llama3_70b/results/000197.parquet,2928.479011148592,2743.4083296969366
100000,hf,mgoin/mlperf-inference-llama2-data,2026-01-05 23:10:51.801526,000199,29700,99,2026-01-05 23:07:51.801526,2026-01-05 23:07:51.801526,2026-01-05 23:10:51.801526,True,179.946,/projects/aiuserapps/genai_power_dataset/01_aggregated_datasets/inference_online_rate_llama3_70b/results/000198.parquet,2919.268047252076,2754.548123890882
100000,hf,mgoin/mlperf-inference-llama2-data,2026-01-05 23:16:11.967541,000200,30000,100,2026-01-05 23:13:11.967541,2026-01-05 23:13:11.967541,2026-01-05 23:16:11.967541,True,179.85,/projects/aiuserapps/genai_power_dataset/01_aggregated_datasets/inference_online_rate_llama3_70b/results/000199.parquet,2919.2085763054315,2746.759266195935
